<?xml version="1.0" encoding="UTF-8"?>
<!DOCTYPE mapper PUBLIC "-//mybatis.org//DTD Mapper 3.0//EN" "http://mybatis.org/dtd/mybatis-3-mapper.dtd">
<mapper namespace="com.ritzCourse.mapper.ShopMapper">
  <resultMap id="BaseResultMap" type="com.ritzCourse.pojo.Shop">
    <result column="REVISION" jdbcType="INTEGER" property="revision" />
    <result column="CREATED_BY" jdbcType="VARCHAR" property="createdBy" />
    <result column="CREATED_TIME" jdbcType="TIMESTAMP" property="createdTime" />
    <result column="UPDATED_BY" jdbcType="VARCHAR" property="updatedBy" />
    <result column="UPDATED_TIME" jdbcType="TIMESTAMP" property="updatedTime" />
  </resultMap>
  <insert id="insert" parameterType="com.ritzCourse.pojo.Shop">
    insert into shop (REVISION, CREATED_BY, CREATED_TIME, 
      UPDATED_BY, UPDATED_TIME)
    values (#{revision,jdbcType=INTEGER}, #{createdBy,jdbcType=VARCHAR}, #{createdTime,jdbcType=TIMESTAMP}, 
      #{updatedBy,jdbcType=VARCHAR}, #{updatedTime,jdbcType=TIMESTAMP})
  </insert>
  <insert id="insertSelective" parameterType="com.ritzCourse.pojo.Shop">
    insert into shop
    <trim prefix="(" suffix=")" suffixOverrides=",">
      <if test="revision != null">
        REVISION,
      </if>
      <if test="createdBy != null">
        CREATED_BY,
      </if>
      <if test="createdTime != null">
        CREATED_TIME,
      </if>
      <if test="updatedBy != null">
        UPDATED_BY,
      </if>
      <if test="updatedTime != null">
        UPDATED_TIME,
      </if>
    </trim>
    <trim prefix="values (" suffix=")" suffixOverrides=",">
      <if test="revision != null">
        #{revision,jdbcType=INTEGER},
      </if>
      <if test="createdBy != null">
        #{createdBy,jdbcType=VARCHAR},
      </if>
      <if test="createdTime != null">
        #{createdTime,jdbcType=TIMESTAMP},
      </if>
      <if test="updatedBy != null">
        #{updatedBy,jdbcType=VARCHAR},
      </if>
      <if test="updatedTime != null">
        #{updatedTime,jdbcType=TIMESTAMP},
      </if>
    </trim>
  </insert>
  <resultMap id="BaseResultMap" type="com.ritzCourse.pojo.Shop">
    <result column="REVISION" jdbcType="INTEGER" property="revision" />
    <result column="CREATED_BY" jdbcType="VARCHAR" property="createdBy" />
    <result column="CREATED_TIME" jdbcType="TIMESTAMP" property="createdTime" />
    <result column="UPDATED_BY" jdbcType="VARCHAR" property="updatedBy" />
    <result column="UPDATED_TIME" jdbcType="TIMESTAMP" property="updatedTime" />
  </resultMap>
  <insert id="insert" parameterType="com.ritzCourse.pojo.Shop">
    insert into shop (REVISION, CREATED_BY, CREATED_TIME, 
      UPDATED_BY, UPDATED_TIME)
    values (#{revision,jdbcType=INTEGER}, #{createdBy,jdbcType=VARCHAR}, #{createdTime,jdbcType=TIMESTAMP}, 
      #{updatedBy,jdbcType=VARCHAR}, #{updatedTime,jdbcType=TIMESTAMP})
  </insert>
  <insert id="insertSelective" parameterType="com.ritzCourse.pojo.Shop">
    insert into shop
    <trim prefix="(" suffix=")" suffixOverrides=",">
      <if test="revision != null">
        REVISION,
      </if>
      <if test="createdBy != null">
        CREATED_BY,
      </if>
      <if test="createdTime != null">
        CREATED_TIME,
      </if>
      <if test="updatedBy != null">
        UPDATED_BY,
      </if>
      <if test="updatedTime != null">
        UPDATED_TIME,
      </if>
    </trim>
    <trim prefix="values (" suffix=")" suffixOverrides=",">
      <if test="revision != null">
        #{revision,jdbcType=INTEGER},
      </if>
      <if test="createdBy != null">
        #{createdBy,jdbcType=VARCHAR},
      </if>
      <if test="createdTime != null">
        #{createdTime,jdbcType=TIMESTAMP},
      </if>
      <if test="updatedBy != null">
        #{updatedBy,jdbcType=VARCHAR},
      </if>
      <if test="updatedTime != null">
        #{updatedTime,jdbcType=TIMESTAMP},
      </if>
    </trim>
  </insert>
</mapper>