<?xml version="1.0" encoding="UTF-8"?>
<!DOCTYPE mapper PUBLIC "-//mybatis.org//DTD Mapper 3.0//EN" "http://mybatis.org/dtd/mybatis-3-mapper.dtd">
<mapper namespace="com.ritzCourse.mapper.UsersMapper">
  <resultMap id="BaseResultMap" type="com.ritzCourse.pojo.Users">
    <result column="USER" jdbcType="CHAR" property="user" />
    <result column="CURRENT_CONNECTIONS" jdbcType="BIGINT" property="currentConnections" />
    <result column="TOTAL_CONNECTIONS" jdbcType="BIGINT" property="totalConnections" />
  </resultMap>
  <insert id="insert" parameterType="com.ritzCourse.pojo.Users">
    insert into users (USER, CURRENT_CONNECTIONS, TOTAL_CONNECTIONS
      )
    values (#{user,jdbcType=CHAR}, #{currentConnections,jdbcType=BIGINT}, #{totalConnections,jdbcType=BIGINT}
      )
  </insert>
  <insert id="insertSelective" parameterType="com.ritzCourse.pojo.Users">
    insert into users
    <trim prefix="(" suffix=")" suffixOverrides=",">
      <if test="user != null">
        USER,
      </if>
      <if test="currentConnections != null">
        CURRENT_CONNECTIONS,
      </if>
      <if test="totalConnections != null">
        TOTAL_CONNECTIONS,
      </if>
    </trim>
    <trim prefix="values (" suffix=")" suffixOverrides=",">
      <if test="user != null">
        #{user,jdbcType=CHAR},
      </if>
      <if test="currentConnections != null">
        #{currentConnections,jdbcType=BIGINT},
      </if>
      <if test="totalConnections != null">
        #{totalConnections,jdbcType=BIGINT},
      </if>
    </trim>
  </insert>
  <resultMap id="BaseResultMap" type="com.ritzCourse.pojo.Users">
    <id column="REVISION" jdbcType="INTEGER" property="revision" />
    <result column="CREATED_BY" jdbcType="VARCHAR" property="createdBy" />
    <result column="CREATED_TIME" jdbcType="TIMESTAMP" property="createdTime" />
    <result column="UPDATED_BY" jdbcType="VARCHAR" property="updatedBy" />
    <result column="UPDATED_TIME" jdbcType="TIMESTAMP" property="updatedTime" />
  </resultMap>
  <sql id="Base_Column_List">
    REVISION, CREATED_BY, CREATED_TIME, UPDATED_BY, UPDATED_TIME
  </sql>
  <select id="selectByPrimaryKey" parameterType="java.lang.Integer" resultMap="BaseResultMap">
    select 
    <include refid="Base_Column_List" />
    from users
    where REVISION = #{revision,jdbcType=INTEGER}
  </select>
  <delete id="deleteByPrimaryKey" parameterType="java.lang.Integer">
    delete from users
    where REVISION = #{revision,jdbcType=INTEGER}
  </delete>
  <insert id="insert" parameterType="com.ritzCourse.pojo.Users">
    insert into users (REVISION, CREATED_BY, CREATED_TIME, 
      UPDATED_BY, UPDATED_TIME)
    values (#{revision,jdbcType=INTEGER}, #{createdBy,jdbcType=VARCHAR}, #{createdTime,jdbcType=TIMESTAMP}, 
      #{updatedBy,jdbcType=VARCHAR}, #{updatedTime,jdbcType=TIMESTAMP})
  </insert>
  <insert id="insertSelective" parameterType="com.ritzCourse.pojo.Users">
    insert into users
    <trim prefix="(" suffix=")" suffixOverrides=",">
      <if test="revision != null">
        REVISION,
      </if>
      <if test="createdBy != null">
        CREATED_BY,
      </if>
      <if test="createdTime != null">
        CREATED_TIME,
      </if>
      <if test="updatedBy != null">
        UPDATED_BY,
      </if>
      <if test="updatedTime != null">
        UPDATED_TIME,
      </if>
    </trim>
    <trim prefix="values (" suffix=")" suffixOverrides=",">
      <if test="revision != null">
        #{revision,jdbcType=INTEGER},
      </if>
      <if test="createdBy != null">
        #{createdBy,jdbcType=VARCHAR},
      </if>
      <if test="createdTime != null">
        #{createdTime,jdbcType=TIMESTAMP},
      </if>
      <if test="updatedBy != null">
        #{updatedBy,jdbcType=VARCHAR},
      </if>
      <if test="updatedTime != null">
        #{updatedTime,jdbcType=TIMESTAMP},
      </if>
    </trim>
  </insert>
  <update id="updateByPrimaryKeySelective" parameterType="com.ritzCourse.pojo.Users">
    update users
    <set>
      <if test="createdBy != null">
        CREATED_BY = #{createdBy,jdbcType=VARCHAR},
      </if>
      <if test="createdTime != null">
        CREATED_TIME = #{createdTime,jdbcType=TIMESTAMP},
      </if>
      <if test="updatedBy != null">
        UPDATED_BY = #{updatedBy,jdbcType=VARCHAR},
      </if>
      <if test="updatedTime != null">
        UPDATED_TIME = #{updatedTime,jdbcType=TIMESTAMP},
      </if>
    </set>
    where REVISION = #{revision,jdbcType=INTEGER}
  </update>
  <update id="updateByPrimaryKey" parameterType="com.ritzCourse.pojo.Users">
    update users
    set CREATED_BY = #{createdBy,jdbcType=VARCHAR},
      CREATED_TIME = #{createdTime,jdbcType=TIMESTAMP},
      UPDATED_BY = #{updatedBy,jdbcType=VARCHAR},
      UPDATED_TIME = #{updatedTime,jdbcType=TIMESTAMP}
    where REVISION = #{revision,jdbcType=INTEGER}
  </update>
  <resultMap id="BaseResultMap" type="com.ritzCourse.pojo.Users">
    <result column="USER" jdbcType="CHAR" property="user" />
    <result column="CURRENT_CONNECTIONS" jdbcType="BIGINT" property="currentConnections" />
    <result column="TOTAL_CONNECTIONS" jdbcType="BIGINT" property="totalConnections" />
  </resultMap>
  <insert id="insert" parameterType="com.ritzCourse.pojo.Users">
    insert into users (USER, CURRENT_CONNECTIONS, TOTAL_CONNECTIONS
      )
    values (#{user,jdbcType=CHAR}, #{currentConnections,jdbcType=BIGINT}, #{totalConnections,jdbcType=BIGINT}
      )
  </insert>
  <insert id="insertSelective" parameterType="com.ritzCourse.pojo.Users">
    insert into users
    <trim prefix="(" suffix=")" suffixOverrides=",">
      <if test="user != null">
        USER,
      </if>
      <if test="currentConnections != null">
        CURRENT_CONNECTIONS,
      </if>
      <if test="totalConnections != null">
        TOTAL_CONNECTIONS,
      </if>
    </trim>
    <trim prefix="values (" suffix=")" suffixOverrides=",">
      <if test="user != null">
        #{user,jdbcType=CHAR},
      </if>
      <if test="currentConnections != null">
        #{currentConnections,jdbcType=BIGINT},
      </if>
      <if test="totalConnections != null">
        #{totalConnections,jdbcType=BIGINT},
      </if>
    </trim>
  </insert>
  <resultMap id="BaseResultMap" type="com.ritzCourse.pojo.Users">
    <id column="REVISION" jdbcType="INTEGER" property="revision" />
    <result column="CREATED_BY" jdbcType="VARCHAR" property="createdBy" />
    <result column="CREATED_TIME" jdbcType="TIMESTAMP" property="createdTime" />
    <result column="UPDATED_BY" jdbcType="VARCHAR" property="updatedBy" />
    <result column="UPDATED_TIME" jdbcType="TIMESTAMP" property="updatedTime" />
  </resultMap>
  <sql id="Base_Column_List">
    REVISION, CREATED_BY, CREATED_TIME, UPDATED_BY, UPDATED_TIME
  </sql>
  <select id="selectByPrimaryKey" parameterType="java.lang.Integer" resultMap="BaseResultMap">
    select 
    <include refid="Base_Column_List" />
    from users
    where REVISION = #{revision,jdbcType=INTEGER}
  </select>
  <delete id="deleteByPrimaryKey" parameterType="java.lang.Integer">
    delete from users
    where REVISION = #{revision,jdbcType=INTEGER}
  </delete>
  <insert id="insert" parameterType="com.ritzCourse.pojo.Users">
    insert into users (REVISION, CREATED_BY, CREATED_TIME, 
      UPDATED_BY, UPDATED_TIME)
    values (#{revision,jdbcType=INTEGER}, #{createdBy,jdbcType=VARCHAR}, #{createdTime,jdbcType=TIMESTAMP}, 
      #{updatedBy,jdbcType=VARCHAR}, #{updatedTime,jdbcType=TIMESTAMP})
  </insert>
  <insert id="insertSelective" parameterType="com.ritzCourse.pojo.Users">
    insert into users
    <trim prefix="(" suffix=")" suffixOverrides=",">
      <if test="revision != null">
        REVISION,
      </if>
      <if test="createdBy != null">
        CREATED_BY,
      </if>
      <if test="createdTime != null">
        CREATED_TIME,
      </if>
      <if test="updatedBy != null">
        UPDATED_BY,
      </if>
      <if test="updatedTime != null">
        UPDATED_TIME,
      </if>
    </trim>
    <trim prefix="values (" suffix=")" suffixOverrides=",">
      <if test="revision != null">
        #{revision,jdbcType=INTEGER},
      </if>
      <if test="createdBy != null">
        #{createdBy,jdbcType=VARCHAR},
      </if>
      <if test="createdTime != null">
        #{createdTime,jdbcType=TIMESTAMP},
      </if>
      <if test="updatedBy != null">
        #{updatedBy,jdbcType=VARCHAR},
      </if>
      <if test="updatedTime != null">
        #{updatedTime,jdbcType=TIMESTAMP},
      </if>
    </trim>
  </insert>
  <update id="updateByPrimaryKeySelective" parameterType="com.ritzCourse.pojo.Users">
    update users
    <set>
      <if test="createdBy != null">
        CREATED_BY = #{createdBy,jdbcType=VARCHAR},
      </if>
      <if test="createdTime != null">
        CREATED_TIME = #{createdTime,jdbcType=TIMESTAMP},
      </if>
      <if test="updatedBy != null">
        UPDATED_BY = #{updatedBy,jdbcType=VARCHAR},
      </if>
      <if test="updatedTime != null">
        UPDATED_TIME = #{updatedTime,jdbcType=TIMESTAMP},
      </if>
    </set>
    where REVISION = #{revision,jdbcType=INTEGER}
  </update>
  <update id="updateByPrimaryKey" parameterType="com.ritzCourse.pojo.Users">
    update users
    set CREATED_BY = #{createdBy,jdbcType=VARCHAR},
      CREATED_TIME = #{createdTime,jdbcType=TIMESTAMP},
      UPDATED_BY = #{updatedBy,jdbcType=VARCHAR},
      UPDATED_TIME = #{updatedTime,jdbcType=TIMESTAMP}
    where REVISION = #{revision,jdbcType=INTEGER}
  </update>
</mapper>