<?xml version="1.0" encoding="UTF-8"?>  
<!DOCTYPE generatorConfiguration  
  PUBLIC "-//mybatis.org//DTD MyBatis Generator Configuration 1.0//EN"  
  "http://mybatis.org/dtd/mybatis-generator-config_1_0.dtd">  
<generatorConfiguration>  
<!-- 数据库驱动-->  
    <classPathEntry  location="mysql-connector-java-8.0.16.jar"/>  
    <context id="DB2Tables"  targetRuntime="MyBatis3">  
        <commentGenerator>  
            <property name="suppressDate" value="true"/>  
	<!-- 是否去除自动生成的注释 true：是 ： false:否 -->  
            <property name="suppressAllComments" value="true"/>  
        </commentGenerator>  
	<!--数据库链接URL，用户名、密码 --> 
        <jdbcConnection driverClass="com.mysql.cj.jdbc.Driver" connectionURL="jdbc:mysql://localhost:3306/ritzCourse-dev?useUnicode=true&amp;characterEncoding=UTF-8&amp;serverTimezone=Asia/Shanghai" userId="root" password="root">
  
        </jdbcConnection>  
        <javaTypeResolver>  
            <property name="forceBigDecimals" value="false"/>  
        </javaTypeResolver>  
<!-- 对应生成的pojo所在包 -->
        <javaModelGenerator targetPackage="com.ritzCourse.pojo" targetProject="D:\mybatis-generator-for-ritzCourse-master\mybatis-generator-core-1.3.2\lib\src">  
            <property name="enableSubPackages" value="true"/>  
            <property name="trimStrings" value="true"/>  
        </javaModelGenerator> 
       <!-- 配置mapper对应的java映射 -->	
        <sqlMapGenerator targetPackage="mapper" targetProject="D:\mybatis-generator-for-ritzCourse-master\mybatis-generator-core-1.3.2\lib\src">  
            <property name="enableSubPackages" value="true"/>  
        </sqlMapGenerator>   
        <!-- 对应生成的mapper所在目录 -->
        <javaClientGenerator type="XMLMAPPER" targetPackage="com.ritzCourse.mapper" targetProject="D:\mybatis-generator-for-ritzCourse-master\mybatis-generator-core-1.3.2\lib\src">  
            <property name="enableSubPackages" value="true"/>  
        </javaClientGenerator>
         


    <!--指定数据表-->
    <!-- 要生成的表 tableName是数据库中的表名或视图名 domainObjectName是实体类名-->
        <table tableName="users" domainObjectName="Users" enableCountByExample="false" enableUpdateByExample="false" enableDeleteByExample="false" enableSelectByExample="false" selectByExampleQueryId="false"></table>
    <table tableName="product" domainObjectName="Product" enableCountByExample="false" enableUpdateByExample="false" enableDeleteByExample="false" enableSelectByExample="false" selectByExampleQueryId="false"></table>
     <table tableName="shop" domainObjectName="Shop" enableCountByExample="false" enableUpdateByExample="false" enableDeleteByExample="false" enableSelectByExample="false" selectByExampleQueryId="false"></table>
      <table tableName="store" domainObjectName="Store" enableCountByExample="false" enableUpdateByExample="false" enableDeleteByExample="false" enableSelectByExample="false" selectByExampleQueryId="false"></table> 


    </context>  
</generatorConfiguration>  